{
  "latent": [
    1.2248479677109705,
    0.39694135567393385,
    0.18851177786045456,
    0.1766451831280782,
    0.5531581684318119,
    -1.2753283897641519,
    -0.9465642298249436,
    -0.13317280308030063,
    -0.8779198042049484,
    0.7593995828282114,
    0.27967511206027923,
    -1.2965687885108015,
    -1.4776689858698444,
    -0.8982615048238178,
    -0.6905941541439307,
    0.603619762988442
  ],
  "fitness": 1.5842886794909294,
  "chern": 2,
  "drift": 0.007074380471053384,
  "bandgap": 97.9946957151181,
  "generation": 45
}